,Date_reported,New_cases,Cumulative_cases,New_deaths,Cumulative_deaths,Total_cases,Total_deaths
0,2020-01-03,0,0,0,0,0,0
1,2020-01-04,0,0,0,0,0,0
2,2020-01-05,0,0,0,0,0,0
3,2020-01-06,0,0,0,0,0,0
4,2020-01-07,0,0,0,0,0,0
5,2020-01-08,0,0,0,0,0,0
6,2020-01-09,0,0,0,0,0,0
7,2020-01-10,0,0,0,0,0,0
8,2020-01-11,0,0,0,0,0,0
9,2020-01-12,0,0,0,0,0,0
10,2020-01-13,0,0,0,0,0,0
11,2020-01-14,0,0,0,0,0,0
12,2020-01-15,0,0,0,0,0,0
13,2020-01-16,0,0,0,0,0,0
14,2020-01-17,0,0,0,0,0,0
15,2020-01-18,0,0,0,0,0,0
16,2020-01-19,0,0,0,0,0,0
17,2020-01-20,0,0,0,0,0,0
18,2020-01-21,0,0,0,0,0,0
19,2020-01-22,0,0,0,0,0,0
20,2020-01-23,0,0,0,0,0,0
21,2020-01-24,0,0,0,0,0,0
22,2020-01-25,0,0,0,0,0,0
23,2020-01-26,0,0,0,0,0,0
24,2020-01-27,0,0,0,0,0,0
25,2020-01-28,0,0,0,0,0,0
26,2020-01-29,0,0,0,0,0,0
27,2020-01-30,1,1,0,0,2,0
28,2020-01-31,4,5,0,0,9,0
29,2020-02-01,0,5,0,0,5,0
30,2020-02-02,-3,2,0,0,-1,0
31,2020-02-03,1,3,0,0,4,0
32,2020-02-04,4,7,0,0,11,0
33,2020-02-05,0,7,0,0,7,0
34,2020-02-06,0,7,0,0,7,0
35,2020-02-07,0,7,0,0,7,0
36,2020-02-08,0,7,0,0,7,0
37,2020-02-09,0,7,0,0,7,0
38,2020-02-10,0,7,0,0,7,0
39,2020-02-11,0,7,0,0,7,0
40,2020-02-12,0,7,0,0,7,0
41,2020-02-13,0,7,0,0,7,0
42,2020-02-14,0,7,0,0,7,0
43,2020-02-15,0,7,0,0,7,0
44,2020-02-16,0,7,0,0,7,0
45,2020-02-17,0,7,0,0,7,0
46,2020-02-18,0,7,0,0,7,0
47,2020-02-19,0,7,0,0,7,0
48,2020-02-20,0,7,0,0,7,0
49,2020-02-21,0,7,0,0,7,0
50,2020-02-22,0,7,0,0,7,0
51,2020-02-23,0,7,0,0,7,0
52,2020-02-24,0,7,0,0,7,0
53,2020-02-25,0,7,0,0,7,0
54,2020-02-26,0,7,0,0,7,0
55,2020-02-27,0,7,0,0,7,0
56,2020-02-28,0,7,0,0,7,0
57,2020-02-29,0,7,0,0,7,0
58,2020-03-01,0,7,0,0,7,0
59,2020-03-02,-2,5,0,0,3,0
60,2020-03-03,4,9,0,0,13,0
61,2020-03-04,19,28,0,0,47,0
62,2020-03-05,1,29,0,0,30,0
63,2020-03-06,2,31,0,0,33,0
64,2020-03-07,3,34,0,0,37,0
65,2020-03-08,5,39,0,0,44,0
66,2020-03-09,5,44,0,0,49,0
67,2020-03-10,6,50,0,0,56,0
68,2020-03-11,10,60,0,0,70,0
69,2020-03-12,13,73,0,0,86,0
70,2020-03-13,8,81,1,1,89,2
71,2020-03-14,3,84,1,2,87,3
72,2020-03-15,23,107,0,2,130,2
73,2020-03-16,7,114,0,2,121,2
74,2020-03-17,23,137,1,3,160,4
75,2020-03-18,14,151,0,3,165,3
76,2020-03-19,22,173,1,4,195,5
77,2020-03-20,50,223,0,4,273,4
78,2020-03-21,60,283,0,4,343,4
79,2020-03-22,77,360,3,7,437,10
80,2020-03-23,74,434,2,9,508,11
81,2020-03-24,85,519,0,9,604,9
82,2020-03-25,87,606,1,10,693,11
83,2020-03-26,43,649,3,13,692,16
84,2020-03-27,75,724,4,17,799,21
85,2020-03-28,185,909,2,19,1094,21
86,2020-03-29,70,979,6,25,1049,31
87,2020-03-30,92,1071,4,29,1163,33
88,2020-03-31,180,1251,3,32,1431,35
89,2020-04-01,386,1637,6,38,2023,44
90,2020-04-02,328,1965,12,50,2293,62
91,2020-04-03,336,2301,6,56,2637,62
92,2020-04-04,601,2902,12,68,3503,80
93,2020-04-05,472,3374,9,77,3846,86
94,2020-04-06,693,4067,32,109,4760,141
95,2020-04-07,354,4421,5,114,4775,119
96,2020-04-08,853,5274,35,149,6127,184
97,2020-04-09,591,5865,20,169,6456,189
98,2020-04-10,547,6412,30,199,6959,229
99,2020-04-11,1035,7447,40,239,8482,279
100,2020-04-12,909,8356,34,273,9265,307
101,2020-04-13,796,9152,35,308,9948,343
102,2020-04-14,1211,10363,31,339,11574,370
103,2020-04-15,1076,11439,38,377,12515,415
104,2020-04-16,941,12380,37,414,13321,451
105,2020-04-17,1007,13387,23,437,14394,460
106,2020-04-18,991,14378,43,480,15369,523
107,2020-04-19,1334,15712,27,507,17046,534
108,2020-04-20,1553,17265,36,543,18818,579
109,2020-04-21,1336,18601,47,590,19937,637
110,2020-04-22,1383,19984,50,640,21367,690
111,2020-04-23,1409,21393,41,681,22802,722
112,2020-04-24,1684,23077,37,718,24761,755
113,2020-04-25,1429,24506,57,775,25935,832
114,2020-04-26,1990,26496,49,824,28486,873
115,2020-04-27,1396,27892,48,872,29288,920
116,2020-04-28,1543,29435,62,934,30978,996
117,2020-04-29,1897,31332,73,1007,33229,1080
118,2020-04-30,1718,33050,67,1074,34768,1141
119,2020-05-01,1993,35043,73,1147,37036,1220
120,2020-05-02,2293,37336,71,1218,39629,1289
121,2020-05-03,2644,39980,83,1301,42624,1384
122,2020-05-04,2553,42533,72,1373,45086,1445
123,2020-05-05,3900,46433,195,1568,50333,1763
124,2020-05-06,2958,49391,126,1694,52349,1820
125,2020-05-07,3561,52952,89,1783,56513,1872
126,2020-05-08,3390,56342,103,1886,59732,1989
127,2020-05-09,3320,59662,95,1981,62982,2076
128,2020-05-10,3277,62939,128,2109,66216,2237
129,2020-05-11,4213,67152,97,2206,71365,2303
130,2020-05-12,3604,70756,87,2293,74360,2380
131,2020-05-13,3525,74281,122,2415,77806,2537
132,2020-05-14,3722,78003,134,2549,81725,2683
133,2020-05-15,3967,81970,100,2649,85937,2749
134,2020-05-16,3970,85940,103,2752,89910,2855
135,2020-05-17,4987,90927,120,2872,95914,2992
136,2020-05-18,5242,96169,157,3029,101411,3186
137,2020-05-19,4970,101139,134,3163,106109,3297
138,2020-05-20,5611,106750,140,3303,112361,3443
139,2020-05-21,5609,112359,132,3435,117968,3567
140,2020-05-22,6088,118447,148,3583,124535,3731
141,2020-05-23,6654,125101,137,3720,131755,3857
142,2020-05-24,6767,131868,147,3867,138635,4014
143,2020-05-25,6977,138845,154,4021,145822,4175
144,2020-05-26,6535,145380,146,4167,151915,4313
145,2020-05-27,6387,151767,170,4337,158154,4507
146,2020-05-28,6566,158333,194,4531,164899,4725
147,2020-05-29,7466,165799,175,4706,173265,4881
148,2020-05-30,7964,173763,265,4971,181727,5236
149,2020-05-31,8380,182143,193,5164,190523,5357
150,2020-06-01,8392,190535,230,5394,198927,5624
151,2020-06-02,8171,198706,204,5598,206877,5802
152,2020-06-03,8909,207615,217,5815,216524,6032
153,2020-06-04,9304,216919,260,6075,226223,6335
154,2020-06-05,9851,226770,273,6348,236621,6621
155,2020-06-06,9887,236657,294,6642,246544,6936
156,2020-06-07,9971,246628,287,6929,256599,7216
157,2020-06-08,9983,256611,271,7200,266594,7471
158,2020-06-09,9987,266598,271,7471,276585,7742
159,2020-06-10,9985,276583,274,7745,286568,8019
160,2020-06-11,9996,286579,357,8102,296575,8459
161,2020-06-12,10956,297535,396,8498,308491,8894
162,2020-06-13,11458,308993,386,8884,320451,9270
163,2020-06-14,11929,320922,311,9195,332851,9506
164,2020-06-15,11502,332424,325,9520,343926,9845
165,2020-06-16,10667,343091,380,9900,353758,10280
166,2020-06-17,10974,354065,2003,11903,365039,13906
167,2020-06-18,12881,366946,334,12237,379827,12571
168,2020-06-19,13586,380532,336,12573,394118,12909
169,2020-06-20,14516,395048,375,12948,409564,13323
170,2020-06-21,15413,410461,306,13254,425874,13560
171,2020-06-22,14821,425282,445,13699,440103,14144
172,2020-06-23,14933,440215,312,14011,455148,14323
173,2020-06-24,15968,456183,465,14476,472151,14941
174,2020-06-25,16922,473105,418,14894,490027,15312
175,2020-06-26,17296,490401,407,15301,507697,15708
176,2020-06-27,18552,508953,384,15685,527505,16069
177,2020-06-28,19906,528859,410,16095,548765,16505
178,2020-06-29,19459,548318,380,16475,567777,16855
179,2020-06-30,18522,566840,418,16893,585362,17311
180,2020-07-01,18653,585493,507,17400,604146,17907
181,2020-07-02,19148,604641,434,17834,623789,18268
182,2020-07-03,20903,625544,379,18213,646447,18592
183,2020-07-04,22771,648315,442,18655,671086,19097
184,2020-07-05,24850,673165,613,19268,698015,19881
185,2020-07-06,24248,697413,425,19693,721661,20118
186,2020-07-07,22252,719665,467,20160,741917,20627
187,2020-07-08,22752,742417,482,20642,765169,21124
188,2020-07-09,24879,767296,487,21129,792175,21616
189,2020-07-10,26506,793802,475,21604,820308,22079
190,2020-07-11,27114,820916,519,22123,848030,22642
191,2020-07-12,28637,849553,551,22674,878190,23225
192,2020-07-13,28701,878254,500,23174,906955,23674
193,2020-07-14,28498,906752,553,23727,935250,24280
194,2020-07-15,29429,936181,582,24309,965610,24891
195,2020-07-16,32695,968876,606,24915,1001571,25521
196,2020-07-17,34956,1003832,687,25602,1038788,26289
197,2020-07-18,34884,1038716,671,26273,1073600,26944
198,2020-07-19,38902,1077618,543,26816,1116520,27359
199,2020-07-20,40425,1118043,681,27497,1158468,28178
200,2020-07-21,37148,1155191,587,28084,1192339,28671
201,2020-07-22,37724,1192915,648,28732,1230639,29380
202,2020-07-23,45720,1238635,1129,29861,1284355,30990
203,2020-07-24,49310,1287945,740,30601,1337255,31341
204,2020-07-25,48916,1336861,757,31358,1385777,32115
205,2020-07-26,48661,1385522,705,32063,1434183,32768
206,2020-07-27,49931,1435453,708,32771,1485384,33479
207,2020-07-28,47703,1483156,654,33425,1530859,34079
208,2020-07-29,48513,1531669,768,34193,1580182,34961
209,2020-07-30,52123,1583792,775,34968,1635915,35743
210,2020-07-31,55078,1638870,779,35747,1693948,36526
211,2020-08-01,57118,1695988,764,36511,1753106,37275
212,2020-08-02,54735,1750723,853,37364,1805458,38217
213,2020-08-03,52972,1803695,771,38135,1856667,38906
214,2020-08-04,52050,1855745,803,38938,1907795,39741
215,2020-08-05,52509,1908254,857,39795,1960763,40652
216,2020-08-06,56282,1964536,904,40699,2020818,41603
217,2020-08-07,62538,2027074,886,41585,2089612,42471
218,2020-08-08,61537,2088611,933,42518,2150148,43451
219,2020-08-09,64399,2153010,861,43379,2217409,44240
220,2020-08-10,62064,2215074,1007,44386,2277138,45393
221,2020-08-11,53601,2268675,871,45257,2322276,46128
222,2020-08-12,60963,2329638,834,46091,2390601,46925
223,2020-08-13,66999,2396637,942,47033,2463636,47975
224,2020-08-14,64553,2461190,1007,48040,2525743,49047
225,2020-08-15,65002,2526192,996,49036,2591194,50032
226,2020-08-16,63490,2589682,944,49980,2653172,50924
227,2020-08-17,57981,2647663,941,50921,2705644,51862
228,2020-08-18,55079,2702742,876,51797,2757821,52673
229,2020-08-19,64531,2767273,1092,52889,2831804,53981
230,2020-08-20,69652,2836925,977,53866,2906577,54843
231,2020-08-21,68898,2905823,983,54849,2974721,55832
232,2020-08-22,69878,2975701,945,55794,3045579,56739
233,2020-08-23,69239,3044940,912,56706,3114179,57618
234,2020-08-24,61408,3106348,836,57542,3167756,58378
235,2020-08-25,60975,3167323,848,58390,3228298,59238
236,2020-08-26,67151,3234474,1059,59449,3301625,60508
237,2020-08-27,75760,3310234,1023,60472,3385994,61495
238,2020-08-28,77266,3387500,1057,61529,3464766,62586
239,2020-08-29,76472,3463972,1021,62550,3540444,63571
240,2020-08-30,78761,3542733,948,63498,3621494,64446
241,2020-08-31,78512,3621245,971,64469,3699757,65440
242,2020-09-01,69921,3691166,819,65288,3761087,66107
243,2020-09-02,78357,3769523,1045,66333,3847880,67378
244,2020-09-03,83883,3853406,1043,67376,3937289,68419
245,2020-09-04,83341,3936747,1096,68472,4020088,69568
246,2020-09-05,86432,4023179,1089,69561,4109611,70650
247,2020-09-06,90632,4113811,1065,70626,4204443,71691
248,2020-09-07,90802,4204613,1016,71642,4295415,72658
249,2020-09-08,75809,4280422,1133,72775,4356231,73908
250,2020-09-09,89706,4370128,1115,73890,4459834,75005
251,2020-09-10,95735,4465863,1172,75062,4561598,76234
252,2020-09-11,96551,4562414,1209,76271,4658965,77480
253,2020-09-12,97570,4659984,1201,77472,4757554,78673
254,2020-09-13,94372,4754356,1114,78586,4848728,79700
255,2020-09-14,92071,4846427,1136,79722,4938498,80858
256,2020-09-15,83809,4930236,1054,80776,5014045,81830
257,2020-09-16,90123,5020359,1290,82066,5110482,83356
258,2020-09-17,97894,5118253,1132,83198,5216147,84330
259,2020-09-18,96424,5214677,1174,84372,5311101,85546
260,2020-09-19,93337,5308014,1247,85619,5401351,86866
261,2020-09-20,92605,5400619,1133,86752,5493224,87885
262,2020-09-21,86961,5487580,1130,87882,5574541,89012
263,2020-09-22,75083,5562663,1053,88935,5637746,89988
264,2020-09-23,83347,5646010,1085,90020,5729357,91105
265,2020-09-24,86508,5732518,1129,91149,5819026,92278
266,2020-09-25,86052,5818570,1141,92290,5904622,93431
267,2020-09-26,85362,5903932,1089,93379,5989294,94468
268,2020-09-27,88600,5992532,1124,94503,6081132,95627
269,2020-09-28,82170,6074702,1039,95542,6156872,96581
270,2020-09-29,70589,6145291,776,96318,6215880,97094
271,2020-09-30,80472,6225763,1179,97497,6306235,98676
272,2020-10-01,86821,6312584,1181,98678,6399405,99859
273,2020-10-02,81484,6394068,1095,99773,6475552,100868
274,2020-10-03,79476,6473544,1069,100842,6553020,101911
275,2020-10-04,75829,6549373,940,101782,6625202,102722
276,2020-10-05,74442,6623815,903,102685,6698257,103588
277,2020-10-06,61267,6685082,884,103569,6746349,104453
278,2020-10-07,72049,6757131,986,104555,6829180,105541
279,2020-10-08,78524,6835655,971,105526,6914179,106497
280,2020-10-09,70496,6906151,964,106490,6976647,107454
281,2020-10-10,73272,6979423,926,107416,7052695,108342
282,2020-10-11,74383,7053806,918,108334,7128189,109252
283,2020-10-12,66732,7120538,816,109150,7187270,109966
284,2020-10-13,55342,7175880,706,109856,7231222,110562
285,2020-10-14,63509,7239389,730,110586,7302898,111316
286,2020-10-15,67708,7307097,680,111266,7374805,111946
287,2020-10-16,63371,7370468,895,112161,7433839,113056
288,2020-10-17,62212,7432680,837,112998,7494892,113835
289,2020-10-18,61871,7494551,1033,114031,7556422,115064
290,2020-10-19,55722,7550273,579,114610,7605995,115189
291,2020-10-20,46790,7597063,587,115197,7643853,115784
292,2020-10-21,54044,7651107,717,115914,7705151,116631
293,2020-10-22,55839,7706946,702,116616,7762785,117318
294,2020-10-23,54366,7761312,690,117306,7815678,117996
295,2020-10-24,53370,7814682,650,117956,7868052,118606
296,2020-10-25,50129,7864811,578,118534,7914940,119112
297,2020-10-26,45148,7909959,480,119014,7955107,119494
298,2020-10-27,36470,7946429,488,119502,7982899,119990
299,2020-10-28,43893,7990322,508,120010,8034215,120518
300,2020-10-29,49881,8040203,517,120527,8090084,121044
301,2020-10-30,48648,8088851,563,121090,8137499,121653
302,2020-10-31,48268,8137119,551,121641,8185387,122192
303,2020-11-01,46963,8184082,470,122111,8231045,122581
304,2020-11-02,45231,8229313,496,122607,8274544,123103
305,2020-11-03,38310,8267623,490,123097,8305933,123587
306,2020-11-04,46253,8313876,514,123611,8360129,124125
307,2020-11-05,50210,8364086,704,124315,8414296,125019
308,2020-11-06,47638,8411724,670,124985,8459362,125655
309,2020-11-07,50356,8462080,577,125562,8512436,126139
310,2020-11-08,45674,8507754,559,126121,8553428,126680
311,2020-11-09,45903,8553657,490,126611,8599560,127101
312,2020-11-10,38073,8591730,448,127059,8629803,127507
313,2020-11-11,44281,8636011,512,127571,8680292,128083
314,2020-11-12,47905,8683916,550,128121,8731821,128671
315,2020-11-13,44879,8728795,547,128668,8773674,129215
316,2020-11-14,44684,8773479,520,129188,8818163,129708
317,2020-11-15,41100,8814579,447,129635,8855679,130082
318,2020-11-16,30548,8845127,435,130070,8875675,130505
319,2020-11-17,29163,8874290,449,130519,8903453,130968
320,2020-11-18,38617,8912907,474,130993,8951524,131467
321,2020-11-19,45576,8958483,585,131578,9004059,132163
322,2020-11-20,45882,9004365,584,132162,9050247,132746
323,2020-11-21,46232,9050597,564,132726,9096829,133290
324,2020-11-22,45209,9095806,501,133227,9141015,133728
325,2020-11-23,44059,9139865,511,133738,9183924,134249
326,2020-11-24,37975,9177840,480,134218,9215815,134698
327,2020-11-25,44376,9222216,481,134699,9266592,135180
328,2020-11-26,44489,9266705,524,135223,9311194,135747
329,2020-11-27,43082,9309787,492,135715,9352869,136207
330,2020-11-28,41322,9351109,485,136200,9392431,136685
331,2020-11-29,41810,9392919,496,136696,9434729,137192
332,2020-11-30,38772,9431691,443,137139,9470463,137582
333,2020-12-01,31118,9462809,482,137621,9493927,138103
334,2020-12-02,36604,9499413,501,138122,9536017,138623
335,2020-12-03,35551,9534964,526,138648,9570515,139174
336,2020-12-04,36595,9571559,540,139188,9608154,139728
337,2020-12-05,36652,9608211,512,139700,9644863,140212
338,2020-12-06,36011,9644222,482,140182,9680233,140664
339,2020-12-07,32981,9677203,391,140573,9710184,140964
340,2020-12-08,26567,9703770,385,140958,9730337,141343
341,2020-12-09,32080,9735850,402,141360,9767930,141762
342,2020-12-10,31521,9767371,412,141772,9798892,142184
343,2020-12-11,29398,9796769,414,142186,9826167,142600
344,2020-12-12,30006,9826775,442,142628,9856781,143070
345,2020-12-13,30254,9857029,391,143019,9887283,143410
346,2020-12-14,27071,9884100,336,143355,9911171,143691
347,2020-12-15,22065,9906165,354,143709,9928230,144063
348,2020-12-16,26382,9932547,387,144096,9958929,144483
349,2020-12-17,24010,9956557,355,144451,9980567,144806
350,2020-12-18,22890,9979447,338,144789,10002337,145127
351,2020-12-19,25152,10004599,347,145136,10029751,145483
352,2020-12-20,26624,10031223,341,145477,10057847,145818
353,2020-12-21,24337,10055560,333,145810,10079897,146143
354,2020-12-22,19556,10075116,301,146111,10094672,146412
355,2020-12-23,23950,10099066,333,146444,10123016,146777
356,2020-12-24,24712,10123778,312,146756,10148490,147068
357,2020-12-25,23067,10146845,336,147092,10169912,147428
358,2020-12-26,22273,10169118,251,147343,10191391,147594
359,2020-12-27,18732,10187850,279,147622,10206582,147901
360,2020-12-28,20021,10207871,279,147901,10227892,148180
361,2020-12-29,16432,10224303,252,148153,10240735,148405
362,2020-12-30,20549,10244852,286,148439,10265401,148725
363,2020-12-31,21822,10266674,299,148738,10288496,149037
364,2021-01-01,20035,10286709,256,148994,10306744,149250
365,2021-01-02,19079,10305788,224,149218,10324867,149442
366,2021-01-03,18177,10323965,217,149435,10342142,149652
367,2021-01-04,16504,10340469,214,149649,10356973,149863
368,2021-01-05,16375,10356844,201,149850,10373219,150051
369,2021-01-06,18088,10374932,264,150114,10393020,150378
370,2021-01-07,20346,10395278,222,150336,10415624,150558
371,2021-01-08,18139,10413417,234,150570,10431556,150804
372,2021-01-09,18222,10431639,228,150798,10449861,151026
373,2021-01-10,18645,10450284,201,150999,10468929,151200
374,2021-01-11,16311,10466595,161,151160,10482906,151321
375,2021-01-12,12584,10479179,167,151327,10491763,151494
376,2021-01-13,15968,10495147,202,151529,10511115,151731
377,2021-01-14,16946,10512093,198,151727,10529039,151925
378,2021-01-15,15590,10527683,191,151918,10543273,152109
379,2021-01-16,15158,10542841,175,152093,10557999,152268
380,2021-01-17,15144,10557985,181,152274,10573129,152455
381,2021-01-18,13788,10571773,145,152419,10585561,152564
382,2021-01-19,10064,10581837,137,152556,10591901,152693
383,2021-01-20,13823,10595660,162,152718,10609483,152880
384,2021-01-21,15223,10610883,151,152869,10626106,153020
385,2021-01-22,14545,10625428,163,153032,10639973,153195
386,2021-01-23,14256,10639684,152,153184,10653940,153336
387,2021-01-24,14849,10654533,155,153339,10669382,153494
388,2021-01-25,13203,10667736,131,153470,10680939,153601
389,2021-01-26,9102,10676838,117,153587,10685940,153704
390,2021-01-27,12689,10689527,137,153724,10702216,153861
391,2021-01-28,11666,10701193,123,153847,10712859,153970
392,2021-01-29,18855,10720048,163,154010,10738903,154173
393,2021-01-30,13083,10733131,137,154147,10746214,154284
394,2021-01-31,13052,10746183,127,154274,10759235,154401
395,2021-02-01,11427,10757610,118,154392,10769037,154510
396,2021-02-02,8635,10766245,94,154486,10774880,154580
397,2021-02-03,11039,10777284,110,154596,10788323,154706
398,2021-02-04,12899,10790183,107,154703,10803082,154810
399,2021-02-05,12408,10802591,120,154823,10814999,154943
400,2021-02-06,11713,10814304,95,154918,10826017,155013
401,2021-02-07,12059,10826363,78,154996,10838422,155074
402,2021-02-08,11831,10838194,84,155080,10850025,155164
403,2021-02-09,9110,10847304,78,155158,10856414,155236
404,2021-02-10,11067,10858371,94,155252,10869438,155346
405,2021-02-11,12923,10871294,108,155360,10884217,155468
406,2021-02-12,9309,10880603,87,155447,10889912,155534
407,2021-02-13,12143,10892746,103,155550,10904889,155653
408,2021-02-14,12194,10904940,92,155642,10917134,155734
409,2021-02-15,11649,10916589,90,155732,10928238,155822
410,2021-02-16,9121,10925710,81,155813,10934831,155894
411,2021-02-17,11610,10937320,100,155913,10948930,156013
412,2021-02-18,12881,10950201,101,156014,10963082,156115
413,2021-02-19,13193,10963394,97,156111,10976587,156208
414,2021-02-20,13993,10977387,101,156212,10991380,156313
415,2021-02-21,14264,10991651,90,156302,11005915,156392
416,2021-02-22,14199,11005850,83,156385,11020049,156468
417,2021-02-23,10584,11016434,78,156463,11027018,156541
418,2021-02-24,13742,11030176,104,156567,11043918,156671
419,2021-02-25,16738,11046914,138,156705,11063652,156843
420,2021-02-26,16577,11063491,120,156825,11080068,156945
421,2021-02-27,16488,11079979,113,156938,11096467,157051
422,2021-02-28,16752,11096731,113,157051,11113483,157164
423,2021-03-01,15510,11112241,106,157157,11127751,157263
424,2021-03-02,12286,11124527,91,157248,11136813,157339
425,2021-03-03,14989,11139516,98,157346,11154505,157444
426,2021-03-04,17407,11156923,89,157435,11174330,157524
427,2021-03-05,16838,11173761,113,157548,11190599,157661
428,2021-03-06,18327,11192088,108,157656,11210415,157764
429,2021-03-07,18711,11210799,100,157756,11229510,157856
430,2021-03-08,18599,11229398,97,157853,11247997,157950
431,2021-03-09,15388,11244786,77,157930,11260174,158007
432,2021-03-10,17921,11262707,133,158063,11280628,158196
433,2021-03-11,22854,11285561,126,158189,11308415,158315
434,2021-03-12,23285,11308846,117,158306,11332131,158423
435,2021-03-13,24882,11333728,140,158446,11358610,158586
436,2021-03-14,25320,11359048,161,158607,11384368,158768
437,2021-03-15,26291,11385339,118,158725,11411630,158843
438,2021-03-16,24492,11409831,131,158856,11434323,158987
439,2021-03-17,28903,11438734,188,159044,11467637,159232
440,2021-03-18,35871,11474605,172,159216,11510476,159388
441,2021-03-19,39726,11514331,154,159370,11554057,159524
442,2021-03-20,40953,11555284,188,159558,11596237,159746
443,2021-03-21,43846,11599130,197,159755,11642976,159952
444,2021-03-22,46951,11646081,212,159967,11693032,160179
445,2021-03-23,40715,11686796,199,160166,11727511,160365
446,2021-03-24,47262,11734058,275,160441,11781320,160716
447,2021-03-25,53476,11787534,251,160692,11841010,160943
448,2021-03-26,59118,11846652,257,160949,11905770,161206
449,2021-03-27,62258,11908910,291,161240,11971168,161531
450,2021-03-28,62714,11971624,312,161552,12034338,161864
451,2021-03-29,68020,12039644,291,161843,12107664,162134
452,2021-03-30,56211,12095855,271,162114,12152066,162385
453,2021-03-31,53480,12149335,354,162468,12202815,162822
454,2021-04-01,72330,12221665,459,162927,12293995,163386
455,2021-04-02,81466,12303131,469,163396,12384597,163865
456,2021-04-03,89129,12392260,714,164110,12481389,164824
457,2021-04-04,93249,12485509,513,164623,12578758,165136
458,2021-04-05,103558,12589067,478,165101,12692625,165579
459,2021-04-06,96982,12686049,446,165547,12783031,165993
460,2021-04-07,115736,12801785,630,166177,12917521,166807
461,2021-04-08,126789,12928574,685,166862,13055363,167547
462,2021-04-09,131968,13060542,780,167642,13192510,168422
463,2021-04-10,145384,13205926,794,168436,13351310,169230
464,2021-04-11,152879,13358805,839,169275,13511684,170114
465,2021-04-12,168912,13527717,904,170179,13696629,171083
466,2021-04-13,161736,13689453,879,171058,13851189,171937
467,2021-04-14,184372,13873825,1027,172085,14058197,173112
468,2021-04-15,200739,14074564,1038,173123,14275303,174161
469,2021-04-16,217353,14291917,1185,174308,14509270,175493
470,2021-04-17,234692,14526609,1341,175649,14761301,176990
471,2021-04-18,261500,14788109,1501,177150,15049609,178651
472,2021-04-19,273810,15061919,1619,178769,15335729,180388
473,2021-04-20,259170,15321089,1761,180530,15580259,182291
474,2021-04-21,295041,15616130,2023,182553,15911171,184576
475,2021-04-22,314835,15930965,2104,184657,16245800,186761
476,2021-04-23,332730,16263695,2263,186920,16596425,189183
477,2021-04-24,346786,16610481,2624,189544,16957267,192168
478,2021-04-25,349691,16960172,2767,192311,17309863,195078
479,2021-04-26,352991,17313163,2812,195123,17666154,197935
480,2021-04-27,323144,17636307,2771,197894,17959451,200665
481,2021-04-28,360960,17997267,3293,201187,18358227,204480
482,2021-04-29,379257,18376524,3645,204832,18755781,208477
483,2021-04-30,386452,18762976,3498,208330,19149428,211828
484,2021-05-01,401993,19164969,3523,211853,19566962,215376
485,2021-05-02,392488,19557457,3689,215542,19949945,219231
486,2021-05-03,368147,19925604,3417,218959,20293751,222376
487,2021-05-04,357229,20282833,3449,222408,20640062,225857
488,2021-05-05,382315,20665148,3780,226188,21047463,229968
489,2021-05-06,412262,21077410,3980,230168,21489672,234148
490,2021-05-07,414188,21491598,3915,234083,21905786,237998
491,2021-05-08,401078,21892676,4187,238270,22293754,242457
492,2021-05-09,403738,22296414,4092,242362,22700152,246454
493,2021-05-10,366161,22662575,3754,246116,23028736,249870
494,2021-05-11,329942,22992517,3876,249992,23322459,253868
495,2021-05-12,348421,23340938,4205,254197,23689359,258402
496,2021-05-13,362727,23703665,4120,258317,24066392,262437
497,2021-05-14,343144,24046809,4000,262317,24389953,266317
498,2021-05-15,326098,24372907,3890,266207,24699005,270097
499,2021-05-16,311170,24684077,4077,270284,24995247,274361
500,2021-05-17,281386,24965463,4106,274390,25246849,278496
501,2021-05-18,263533,25228996,4329,278719,25492529,283048
502,2021-05-19,267334,25496330,4529,283248,25763664,287777
503,2021-05-20,276110,25772440,3874,287122,26048550,290996
504,2021-05-21,259551,26031991,4209,291331,26291542,295540
505,2021-05-22,257299,26289290,4194,295525,26546589,299719
506,2021-05-23,240842,26530132,3741,299266,26770974,303007
507,2021-05-24,222315,26752447,4454,303720,26974762,308174
508,2021-05-25,196427,26948874,3511,307231,27145301,310742
509,2021-05-26,208921,27157795,4157,311388,27366716,315545
510,2021-05-27,211298,27369093,3847,315235,27580391,319082
511,2021-05-28,186364,27555457,3660,318895,27741821,322555
512,2021-05-29,173790,27729247,3617,322512,27903037,326129
513,2021-05-30,165553,27894800,3460,325972,28060353,329432
514,2021-05-31,152734,28047534,3128,329100,28200268,332228
515,2021-06-01,127510,28175044,2795,331895,28302554,334690
516,2021-06-02,132788,28307832,3207,335102,28440620,338309
517,2021-06-03,134154,28441986,2887,337989,28576140,340876
518,2021-06-04,132364,28574350,2713,340702,28706714,343415
519,2021-06-05,120529,28694879,3380,344082,28815408,347462
520,2021-06-06,114460,28809339,2677,346759,28923799,349436
521,2021-06-07,100636,28909975,2427,349186,29010611,351613
522,2021-06-08,86498,28996473,2123,351309,29082971,353432
523,2021-06-09,92596,29089069,2219,353528,29181665,355747
524,2021-06-10,94052,29183121,6148,359676,29277173,365824
525,2021-06-11,91702,29274823,3403,363079,29366525,366482
526,2021-06-12,84332,29359155,4002,367081,29443487,371083
527,2021-06-13,80834,29439989,3303,370384,29520823,373687
528,2021-06-14,70421,29510410,3921,374305,29580831,378226
529,2021-06-15,60471,29570881,2726,377031,29631352,379757
530,2021-06-16,62224,29633105,2542,379573,29695329,382115
531,2021-06-17,67208,29700313,2330,381903,29767521,384233
532,2021-06-18,62480,29762793,1587,383490,29825273,385077
533,2021-06-19,60753,29823546,1647,385137,29884299,386784
534,2021-06-20,58419,29881965,1576,386713,29940384,388289
535,2021-06-21,53256,29935221,1422,388135,29988477,389557
536,2021-06-22,42640,29977861,1167,389302,30020501,390469
537,2021-06-23,50848,30028709,1358,390660,30079557,392018
538,2021-06-24,54069,30082778,1321,391981,30136847,393302
539,2021-06-25,51667,30134445,1329,393310,30186112,394639
540,2021-06-26,48698,30183143,1183,394493,30231841,395676
541,2021-06-27,50040,30233183,1258,395751,30283223,397009
542,2021-06-28,46148,30279331,979,396730,30325479,397709
543,2021-06-29,37566,30316897,907,397637,30354463,398544
544,2021-06-30,45951,30362848,817,398454,30408799,399271
545,2021-07-01,48786,30411634,1005,399459,30460420,400464
546,2021-07-02,46617,30458251,853,400312,30504868,401165
547,2021-07-03,44111,30502362,738,401050,30546473,401788
548,2021-07-04,43071,30545433,955,402005,30588504,402960
549,2021-07-05,39796,30585229,723,402728,30625025,403451
550,2021-07-06,34703,30619932,553,403281,30654635,403834
551,2021-07-07,43733,30663665,930,404211,30707398,405141
552,2021-07-08,45892,30709557,817,405028,30755449,405845
553,2021-07-09,43393,30752950,911,405939,30796343,406850
554,2021-07-10,42766,30795716,1206,407145,30838482,408351
555,2021-07-11,41506,30837222,895,408040,30878728,408935
556,2021-07-12,37154,30874376,724,408764,30911530,409488
557,2021-07-13,32906,30907282,2020,410784,30940188,412804
558,2021-07-14,38792,30946074,624,411408,30984866,412032
559,2021-07-15,41806,30987880,581,411989,31029686,412570
560,2021-07-16,38949,31026829,542,412531,31065778,413073
561,2021-07-17,38079,31064908,560,413091,31102987,413651
562,2021-07-18,41157,31106065,518,413609,31147222,414127
563,2021-07-19,38164,31144229,499,414108,31182393,414607
564,2021-07-20,30093,31174322,374,414482,31204415,414856
565,2021-07-21,42015,31216337,3998,418480,31258352,422478
566,2021-07-22,41383,31257720,507,418987,31299103,419494
567,2021-07-23,35342,31293062,483,419470,31328404,419953
568,2021-07-24,39097,31332159,546,420016,31371256,420562
569,2021-07-25,39742,31371901,535,420551,31411643,421086
570,2021-07-26,39361,31411262,416,420967,31450623,421383
571,2021-07-27,29689,31440951,415,421382,31470640,421797
572,2021-07-28,43654,31484605,640,422022,31528259,422662
573,2021-07-29,43509,31528114,640,422662,31571623,423302
574,2021-07-30,44230,31572344,555,423217,31616574,423772
575,2021-07-31,41649,31613993,593,423810,31655642,424403
576,2021-08-01,41831,31655824,541,424351,31697655,424892
577,2021-08-02,40134,31695958,422,424773,31736092,425195
578,2021-08-03,30549,31726507,422,425195,31757056,425617
579,2021-08-04,42625,31769132,562,425757,31811757,426319
580,2021-08-05,42982,31812114,533,426290,31855096,426823
581,2021-08-06,44643,31856757,464,426754,31901400,427218
582,2021-08-07,38628,31895385,617,427371,31934013,427988
583,2021-08-08,39070,31934455,491,427862,31973525,428353
584,2021-08-09,35499,31969954,447,428309,32005453,428756
585,2021-08-10,28204,31998158,373,428682,32026362,429055
586,2021-08-11,38353,32036511,497,429179,32074864,429676
587,2021-08-12,41195,32077706,490,429669,32118901,430159
588,2021-08-13,40120,32117826,585,430254,32157946,430839
589,2021-08-14,38667,32156493,478,430732,32195160,431210
590,2021-08-15,36083,32192576,493,431225,32228659,431718
591,2021-08-16,32937,32225513,417,431642,32258450,432059
592,2021-08-17,25166,32250679,437,432079,32275845,432516
593,2021-08-18,35178,32285857,440,432519,32321035,432959
594,2021-08-19,36401,32322258,530,433049,32358659,433579
595,2021-08-20,36571,32358829,540,433589,32395400,434129
596,2021-08-21,34457,32393286,375,433964,32427743,434339
597,2021-08-22,30948,32424234,403,434367,32455182,434770
598,2021-08-23,25072,32449306,389,434756,32474378,435145
599,2021-08-24,25467,32474773,354,435110,32500240,435464
600,2021-08-25,37593,32512366,648,435758,32549959,436406
601,2021-08-26,46164,32558530,607,436365,32604694,436972
602,2021-08-27,44658,32603188,496,436861,32647846,437357
603,2021-08-28,46759,32649947,509,437370,32696706,437879
604,2021-08-29,45083,32695030,460,437830,32740113,438290
605,2021-08-30,42909,32737939,380,438210,32780848,438590
606,2021-08-31,30941,32768880,350,438560,32799821,438910
607,2021-09-01,41965,32810845,460,439020,32852810,439480
608,2021-09-02,47092,32857937,509,439529,32905029,440038
609,2021-09-03,45352,32903289,366,439895,32948641,440261
610,2021-09-04,42618,32945907,330,440225,32988525,440555
611,2021-09-05,42766,32988673,308,440533,33031439,440841
612,2021-09-06,38948,33027621,219,440752,33066569,440971
613,2021-09-07,31222,33058843,290,441042,33090065,441332
614,2021-09-08,37875,33096718,369,441411,33134593,441780
615,2021-09-09,43263,33139981,338,441749,33183244,442087
616,2021-09-10,34973,33174954,260,442009,33209927,442269
617,2021-09-11,33376,33208330,308,442317,33241706,442625
618,2021-09-12,28591,33236921,338,442655,33265512,442993
619,2021-09-13,27254,33264175,219,442874,33291429,443093
620,2021-09-14,25404,33289579,339,443213,33314983,443552
621,2021-09-15,27176,33316755,284,443497,33343931,443781
622,2021-09-16,30570,33347325,431,443928,33377895,444359
623,2021-09-17,34403,33381728,320,444248,33416131,444568
624,2021-09-18,35662,33417390,281,444529,33453052,444810
625,2021-09-19,30773,33448163,309,444838,33478936,445147
626,2021-09-20,30256,33478419,295,445133,33508675,445428
627,2021-09-21,26115,33504534,252,445385,33530649,445637
628,2021-09-22,26964,33531498,383,445768,33558462,446151
629,2021-09-23,31923,33563421,282,446050,33595344,446332
630,2021-09-24,31382,33594803,318,446368,33626185,446686
631,2021-09-25,29616,33624419,290,446658,33654035,446948
632,2021-09-26,28326,33652745,260,446918,33681071,447178
633,2021-09-27,26041,33678786,276,447194,33704827,447470
634,2021-09-28,18795,33697581,179,447373,33716376,447552
635,2021-09-29,18870,33716451,378,447751,33735321,448129
636,2021-09-30,23529,33739980,311,448062,33763509,448373
637,2021-10-01,26727,33766707,277,448339,33793434,448616
638,2021-10-02,24354,33791061,234,448573,33815415,448807
639,2021-10-03,22842,33813903,244,448817,33836745,449061
640,2021-10-04,20799,33834702,180,448997,33855501,449177
641,2021-10-05,18346,33853048,263,449260,33871394,449523
642,2021-10-06,18833,33871881,278,449538,33890714,449816
643,2021-10-07,22431,33894312,318,449856,33916743,450174
644,2021-10-08,21257,33915569,271,450127,33936826,450398
645,2021-10-09,19740,33935309,248,450375,33955049,450623
646,2021-10-10,18166,33953475,214,450589,33971641,450803
647,2021-10-11,18132,33971607,193,450782,33989739,450975
648,2021-10-12,14313,33985920,181,450963,34000233,451144
649,2021-10-13,15823,34001743,226,451189,34017566,451415
650,2021-10-14,18987,34020730,246,451435,34039717,451681
651,2021-10-15,16862,34037592,379,451814,34054454,452193
652,2021-10-16,15981,34053573,166,451980,34069554,452146
653,2021-10-17,14146,34067719,144,452124,34081865,452268
654,2021-10-18,13596,34081315,166,452290,34094911,452456
655,2021-10-19,13058,34094373,164,452454,34107431,452618
656,2021-10-20,14623,34108996,197,452651,34123619,452848
657,2021-10-21,18454,34127450,160,452811,34145904,452971
658,2021-10-22,15786,34143236,231,453042,34159022,453273
659,2021-10-23,16326,34159562,666,453708,34175888,454374
660,2021-10-24,15906,34175468,561,454269,34191374,454830
661,2021-10-25,14306,34189774,443,454712,34204080,455155
662,2021-10-26,12428,34202202,356,455068,34214630,455424
663,2021-10-27,13451,34215653,585,455653,34229104,456238
664,2021-10-28,16156,34231809,733,456386,34247965,457119
665,2021-10-29,14348,34246157,805,457191,34260505,457996
666,2021-10-30,14313,34260470,549,457740,34274783,458289
667,2021-10-31,12830,34273300,446,458186,34286130,458632
668,2021-11-01,12514,34285814,251,458437,34298328,458688
669,2021-11-02,10423,34296237,443,458880,34306660,459323
670,2021-11-03,11903,34308140,311,459191,34320043,459502
671,2021-11-04,12885,34321025,461,459652,34333910,460113
672,2021-11-05,12729,34333754,221,459873,34346483,460094
673,2021-11-06,10929,34344683,392,460265,34355612,460657
674,2021-11-07,10853,34355536,526,460791,34366389,461317
675,2021-11-08,11451,34366987,266,461057,34378438,461323
676,2021-11-09,10126,34377113,332,461389,34387239,461721
677,2021-11-10,11466,34388579,460,461849,34400045,462309
678,2021-11-11,13091,34401670,340,462189,34414761,462529
679,2021-11-12,12516,34414186,501,462690,34426702,463191
680,2021-11-13,11850,34426036,555,463245,34437886,463800
681,2021-11-14,11271,34437307,285,463530,34448578,463815
682,2021-11-15,10229,34447536,125,463655,34457765,463780
683,2021-11-16,8865,34456401,197,463852,34465266,464049
684,2021-11-17,10197,34466598,301,464153,34476795,464454
685,2021-11-18,11919,34478517,470,464623,34490436,465093
686,2021-11-19,11106,34489623,459,465082,34500729,465541
687,2021-11-20,10302,34499925,267,465349,34510227,465616
688,2021-11-21,10488,34510413,313,465662,34520901,465975
689,2021-11-22,8488,34518901,249,465911,34527389,466160
690,2021-11-23,7579,34526480,236,466147,34534059,466383
691,2021-11-24,9283,34535763,437,466584,34545046,467021
692,2021-11-25,9119,34544882,396,466980,34554001,467376
693,2021-11-26,10549,34555431,488,467468,34565980,467956
694,2021-11-27,8318,34563749,465,467933,34572067,468398
695,2021-11-28,8774,34572523,621,468554,34581297,469175
696,2021-11-29,8309,34580832,236,468790,34589141,469026
697,2021-11-30,6990,34587822,190,468980,34594812,469170
698,2021-12-01,8954,34596776,267,469247,34605730,469514
699,2021-12-02,9765,34606541,477,469724,34616306,470201
700,2021-12-03,9216,34615757,391,470115,34624973,470506
701,2021-12-04,8603,34624360,415,470530,34632963,470945
702,2021-12-05,8895,34633255,2796,473326,34642150,476122
703,2021-12-06,8306,34641561,211,473537,34649867,473748
704,2021-12-07,6822,34648383,220,473757,34655205,473977
705,2021-12-08,8439,34656822,195,473952,34665261,474147
706,2021-12-09,9419,34666241,159,474111,34675660,474270
707,2021-12-10,8503,34674744,624,474735,34683247,475359
708,2021-12-11,7992,34682736,393,475128,34690728,475521
709,2021-12-12,7774,34690510,306,475434,34698284,475740
710,2021-12-13,7350,34697860,202,475636,34705210,475838
711,2021-12-14,5784,34703644,252,475888,34709428,476140
712,2021-12-15,6984,34710628,247,476135,34717612,476382
713,2021-12-16,7974,34718602,343,476478,34726576,476821
714,2021-12-17,7447,34726049,391,476869,34733496,477260
715,2021-12-18,7145,34733194,289,477158,34740339,477447
716,2021-12-19,7081,34740275,264,477422,34747356,477686
717,2021-12-20,6563,34746838,132,477554,34753401,477686
718,2021-12-21,5326,34752164,453,478007,34757490,478460
719,2021-12-22,6317,34758481,318,478325,34764798,478643
720,2021-12-23,7495,34765976,434,478759,34773471,479193
721,2021-12-24,6650,34772626,374,479133,34779276,479507
722,2021-12-25,7189,34779815,387,479520,34787004,479907
723,2021-12-26,6987,34786802,162,479682,34793789,479844
724,2021-12-27,6531,34793333,315,479997,34799864,480312
725,2021-12-28,6358,34799691,293,480290,34806049,480583
726,2021-12-29,9195,34808886,302,480592,34818081,480894
727,2021-12-30,13154,34822040,268,480860,34835194,481128
728,2021-12-31,16764,34838804,220,481080,34855568,481300
729,2022-01-01,22775,34861579,406,481486,34884354,481892
730,2022-01-02,27553,34889132,284,481770,34916685,482054
731,2022-01-03,33750,34922882,123,481893,34956632,482016
732,2022-01-04,37379,34960261,124,482017,34997640,482141
733,2022-01-05,58097,35018358,534,482551,35076455,483085
734,2022-01-06,90928,35109286,325,482876,35200214,483201
735,2022-01-07,117100,35226386,302,483178,35343486,483480
736,2022-01-08,141986,35368372,285,483463,35510358,483748
737,2022-01-09,159632,35528004,327,483790,35687636,484117
738,2022-01-10,179723,35707727,146,483936,35887450,484082
